[
	{"target": "css_base"},
	{"target": "css_box"},
	{"target": "css_code"},
	{"target": "css_collect"},
	{"target": "css_color_factory"},
	{"target": "css_colors"},
	{"target": "css_columns"},
	{"target": "css_emphasize"},
	{"target": "css_flyer"},
	{"target": "css_form"},
	{"target": "css_grid"},
	{"target": "css_icons"},
	{"target": "css_image"},
	{"target": "css_math"},
	{"target": "css_nav"},
	{"target": "css_position"},
	{"target": "css_post"},
	{"target": "css_ratio"},
	{"target": "css_reading"},
	{"target": "css_shadow_factory"},
	{"target": "css_tip"},
	{"target": "css_window"},
	{"target": "data-wd-chart"},
	{"target": "data-wd-click"},
	{"target": "data-wd-css"},
	{"target": "data-wd-data"},
	{"target": "data-wd-device"},
	{"target": "data-wd-edit"},
	{"target": "data-wd-filter"},
	{"target": "data-wd-full"},
	{"target": "data-wd-jump"},
	{"target": "data-wd-lang"},
	{"target": "data-wd-load"},
	{"target": "data-wd-mask"},
	{"target": "data-wd-nav"},
	{"target": "data-wd-no-bubbles"},
	{"target": "data-wd-output"},
	{"target": "data-wd-page"},
	{"target": "data-wd-repeat"},
	{"target": "data-wd-send"},
	{"target": "data-wd-set"},
	{"target": "data-wd-shared"},
	{"target": "data-wd-slide"},
	{"target": "data-wd-sort"},
	{"target": "data-wd-translate"},
	{"target": "data-wd-tsort"},
	{"target": "data-wd-url"},
	{"target": "data-wd-vform"},
	{"target": "extra"}
]
