[
	{
		"name": "Home",
		"color": "white",
		"attr": "examples/home.html"
	},

	{
		"name": "ATTR Action",
		"color": "blue",
		"attr": "examples/attr_action.html"
	},
	{
		"name": "ATTR Click",
		"color": "blue",
		"attr": "examples/attr_click.html"
	},
	{
		"name": "ATTR Config",
		"color": "blue",
		"attr": "examples/attr_config.html"
	},
	{
		"name": "ATTR Data",
		"color": "blue",
		"attr": "examples/attr_data.html"
	},
	{
		"name": "ATTR Device",
		"color": "blue",
		"attr": "examples/attr_device.html"
	},
	{
		"name": "ATTR Edit",
		"color": "blue",
		"attr": "examples/attr_edit.html"
	},
	{
		"name": "ATTR File",
		"color": "blue",
		"attr": "examples/attr_file.html"
	},
	{
		"name": "ATTR Filter",
		"color": "blue",
		"attr": "examples/attr_filter.html"
	},
	{
		"name": "ATTR Load",
		"color": "blue",
		"attr": "examples/attr_load.html"
	},
	{
		"name": "ATTR Mask",
		"color": "blue",
		"attr": "examples/attr_mask.html"
	},
	{
		"name": "ATTR Page",
		"color": "blue",
		"attr": "examples/attr_page.html"
	},
	{
		"name": "ATTR Repeat",
		"color": "blue",
		"attr": "examples/attr_repeat.html"
	},
	{
		"name": "ATTR Send",
		"color": "blue",
		"attr": "examples/attr_send.html"
	},
	{
		"name": "ATTR Set",
		"color": "blue",
		"attr": "examples/attr_set.html"
	},
	{
		"name": "ATTR Shared",
		"color": "blue",
		"attr": "examples/attr_shared.html"
	},
	{
		"name": "ATTR Slide",
		"color": "blue",
		"attr": "examples/attr_slide.html"
	},
	{
		"name": "ATTR Sort",
		"color": "blue",
		"attr": "examples/attr_sort.html"
	},
	{
		"name": "ATTR Sort Column",
		"color": "blue",
		"attr": "examples/attr_sortcolumn.html"
	},



	{
		"name": "CSS Base",
		"color": "purple",
		"attr": "examples/css_base.html"
	},
	{
		"name": "CSS Code",
		"color": "purple",
		"attr": "examples/css_code.html"
	},
	{
		"name": "CSS Colors",
		"color": "purple",
		"attr": "examples/css_colors.html"
	},
	{
		"name": "CSS Columns",
		"color": "purple",
		"attr": "examples/css_columns.html"
	},
	{
		"name": "CSS Flyer",
		"color": "purple",
		"attr": "examples/css_flyer.html"
	},
	{
		"name": "CSS Grid",
		"color": "purple",
		"attr": "examples/css_grid.html"
	},
	{
		"name": "CSS Icons",
		"color": "purple",
		"attr": "examples/css_icons.html"
	},
	{
		"name": "CSS Input Message",
		"color": "purple",
		"attr": "examples/css_input.html"
	},
	{
		"name": "CSS Line",
		"color": "purple",
		"attr": "examples/css_line.html"
	},
	{
		"name": "CSS Report",
		"color": "purple",
		"attr": "examples/css_report.html"
	},
	{
		"name": "CSS Tip",
		"color": "purple",
		"attr": "examples/css_tip.html"
	},
	{
		"name": "CSS Utilities",
		"color": "purple",
		"attr": "examples/css_utilities.html"
	},
	{
		"name": "CSS Window",
		"color": "purple",
		"attr": "examples/css_window.html"
	},

	{
		"name": "JS Example",
		"color": "green",
		"attr": "examples/js_script.html"
	}
]
