[
	{"value": "wd-align-left"},
	{"value": "wd-align-center"},
	{"value": "wd-align-right"},
	{"value": "wd-align-justify"},
	{"value": "wd-align-middle"},
	{"value": "wd-align-top"},
	{"value": "wd-align-bottom"},
	{"value": "wd-align-left-child"},
	{"value": "wd-align-center-child"},
	{"value": "wd-align-right-child"},
	{"value": "wd-align-justify-child"},
	{"value": "wd-align-middle-child"},
	{"value": "wd-align-top-child"},
	{"value": "wd-align-bottom-child"},

	{"value": "wd-attr-cite"},
	{"value": "wd-attr-href"},
	{"value": "wd-attr-title"},

	{"value": "wd-border"},
	{"value": "wd-border-top"},
	{"value": "wd-border-right"},
	{"value": "wd-border-bottom"},
	{"value": "wd-border-left"},
	{"value": "wd-border-length"},
	{"value": "wd-border-height"},
	{"value": "wd-xborder"},
	{"value": "wd-xborder-top"},
	{"value": "wd-xborder-right"},
	{"value": "wd-xborder-bottom"},
	{"value": "wd-xborder-left"},
	{"value": "wd-xborder-length"},
	{"value": "wd-xborder-height"},
	{"value": "wd-xxborder"},
	{"value": "wd-xxborder-top"},
	{"value": "wd-xxborder-right"},
	{"value": "wd-xxborder-bottom"},
	{"value": "wd-xxborder-left"},
	{"value": "wd-xxborder-length"},
	{"value": "wd-xxborder-height"},
	{"value": "wd-border-child"},
	{"value": "wd-border-top-child"},
	{"value": "wd-border-right-child"},
	{"value": "wd-border-bottom-child"},
	{"value": "wd-border-left-child"},
	{"value": "wd-border-length-child"},
	{"value": "wd-border-height-child"},
	{"value": "wd-xborder-child"},
	{"value": "wd-xborder-top-child"},
	{"value": "wd-xborder-right-child"},
	{"value": "wd-xborder-bottom-child"},
	{"value": "wd-xborder-left-child"},
	{"value": "wd-xborder-length-child"},
	{"value": "wd-xborder-height-child"},
	{"value": "wd-xxborder-child"},
	{"value": "wd-xxborder-top-child"},
	{"value": "wd-xxborder-right-child"},
	{"value": "wd-xxborder-bottom-child"},
	{"value": "wd-xxborder-left-child"},
	{"value": "wd-xxborder-length-child"},
	{"value": "wd-xxborder-height-child"},
	{"value": "wd-border-none"},
	{"value": "wd-border-none-child"},

	{"value": "wd-buddy-top"},
	{"value": "wd-buddy-bottom"},

	{"value": "wd-case-upper"},
	{"value": "wd-case-normal"},
	{"value": "wd-case-lower"},
	{"value": "wd-case-title"},
	{"value": "wd-case-caps"},
	{"value": "wd-case-upper-child"},
	{"value": "wd-case-normal-child"},
	{"value": "wd-case-lower-child"},
	{"value": "wd-case-title-child"},
	{"value": "wd-case-caps-child"},

	{"value": "wd-cloud"},
	{"value": "wd-cloud-enter"},
	{"value": "wd-cloud-leave"},
	{"value": "wd-cloud-in"},
	{"value": "wd-cloud-out"},
	{"value": "wd-cloud-child"},
	{"value": "wd-cloud-enter-child"},
	{"value": "wd-cloud-leave-child"},
	{"value": "wd-cloud-in-child"},
	{"value": "wd-cloud-out-child"},
	{"value": "wd-cloud-none"},
	{"value": "wd-cloud-none-child"},

	{"value": "wd-margin"},
	{"value": "wd-margin-top"},
	{"value": "wd-margin-right"},
	{"value": "wd-margin-bottom"},
	{"value": "wd-margin-left"},
	{"value": "wd-margin-length"},
	{"value": "wd-margin-height"},
	{"value": "wd-xmargin-top"},
	{"value": "wd-xmargin"},
	{"value": "wd-xmargin-top"},
	{"value": "wd-xmargin-right"},
	{"value": "wd-xmargin-bottom"},
	{"value": "wd-xmargin-left"},
	{"value": "wd-xmargin-length"},
	{"value": "wd-xmargin-height"},
	{"value": "wd-xxmargin"},
	{"value": "wd-xxmargin-top"},
	{"value": "wd-xxmargin-right"},
	{"value": "wd-xxmargin-bottom"},
	{"value": "wd-xxmargin-left"},
	{"value": "wd-xxmargin-length"},
	{"value": "wd-xxmargin-height"},
	{"value": "wd-xxmargin-top"},
	{"value": "wd-margin-child"},
	{"value": "wd-margin-top-child"},
	{"value": "wd-margin-right-child"},
	{"value": "wd-margin-bottom-child"},
	{"value": "wd-margin-left-child"},
	{"value": "wd-margin-length-child"},
	{"value": "wd-margin-height-child"},
	{"value": "wd-xmargin-top-child"},
	{"value": "wd-xmargin-child"},
	{"value": "wd-xmargin-top-child"},
	{"value": "wd-xmargin-right-child"},
	{"value": "wd-xmargin-bottom-child"},
	{"value": "wd-xmargin-left-child"},
	{"value": "wd-xmargin-length-child"},
	{"value": "wd-xmargin-height-child"},
	{"value": "wd-xxmargin-child"},
	{"value": "wd-xxmargin-top-child"},
	{"value": "wd-xxmargin-right-child"},
	{"value": "wd-xxmargin-bottom-child"},
	{"value": "wd-xxmargin-left-child"},
	{"value": "wd-xxmargin-length-child"},
	{"value": "wd-xxmargin-height-child"},
	{"value": "wd-xxmargin-top-child"},
	{"value": "wd-margin-none"},
	{"value": "wd-margin-none-child"},

	{"value": "wd-opaque"},
	{"value": "wd-opaque-enter"},
	{"value": "wd-opaque-leave"},
	{"value": "wd-opaque-in"},
	{"value": "wd-opaque-out"},
	{"value": "wd-opaque-child"},
	{"value": "wd-opaque-enter-child"},
	{"value": "wd-opaque-leave-child"},
	{"value": "wd-opaque-in-child"},
	{"value": "wd-opaque-out-child"},
	{"value": "wd-opaque-none"},
	{"value": "wd-opaque-none-child"},

	{"value": "wd-padding"},
	{"value": "wd-padding-top"},
	{"value": "wd-padding-right"},
	{"value": "wd-padding-bottom"},
	{"value": "wd-padding-left"},
	{"value": "wd-padding-length"},
	{"value": "wd-padding-height"},
	{"value": "wd-xpadding"},
	{"value": "wd-xpadding-top"},
	{"value": "wd-xpadding-right"},
	{"value": "wd-xpadding-bottom"},
	{"value": "wd-xpadding-left"},
	{"value": "wd-xpadding-length"},
	{"value": "wd-xpadding-height"},
	{"value": "wd-xxpadding"},
	{"value": "wd-xxpadding-top"},
	{"value": "wd-xxpadding-right"},
	{"value": "wd-xxpadding-bottom"},
	{"value": "wd-xxpadding-left"},
	{"value": "wd-xxpadding-length"},
	{"value": "wd-xxpadding-height"},
	{"value": "wd-padding-child"},
	{"value": "wd-padding-top-child"},
	{"value": "wd-padding-right-child"},
	{"value": "wd-padding-bottom-child"},
	{"value": "wd-padding-left-child"},
	{"value": "wd-padding-length-child"},
	{"value": "wd-padding-height-child"},
	{"value": "wd-xpadding-child"},
	{"value": "wd-xpadding-top-child"},
	{"value": "wd-xpadding-right-child"},
	{"value": "wd-xpadding-bottom-child"},
	{"value": "wd-xpadding-left-child"},
	{"value": "wd-xpadding-length-child"},
	{"value": "wd-xpadding-height-child"},
	{"value": "wd-xxpadding-child"},
	{"value": "wd-xxpadding-top-child"},
	{"value": "wd-xxpadding-right-child"},
	{"value": "wd-xxpadding-bottom-child"},
	{"value": "wd-xxpadding-left-child"},
	{"value": "wd-xxpadding-length-child"},
	{"value": "wd-xxpadding-height-child"},
	{"value": "wd-padding-none"},
	{"value": "wd-padding-none-child"},

	{"value": "wd-place-n"},
	{"value": "wd-place-ne"},
	{"value": "wd-place-e"},
	{"value": "wd-place-se"},
	{"value": "wd-place-s"},
	{"value": "wd-place-sw"},
	{"value": "wd-place-w"},
	{"value": "wd-place-nw"},
	{"value": "wd-place-ctr"},

	{"value": "wd-radius-top"},
	{"value": "wd-radius-right"},
	{"value": "wd-radius-bottom"},
	{"value": "wd-radius-left"},
	{"value": "wd-radius-top-child"},
	{"value": "wd-radius-right-child"},
	{"value": "wd-radius-bottom-child"},
	{"value": "wd-radius-left-child"},
	{"value": "wd-radius-none"},
	{"value": "wd-radius-none-child"},

	{"value": "wd-shadow"},
	{"value": "wd-shadow-enter"},
	{"value": "wd-shadow-leave"},
	{"value": "wd-shadow-in"},
	{"value": "wd-shadow-out"},
	{"value": "wd-shadow-child"},
	{"value": "wd-shadow-enter-child"},
	{"value": "wd-shadow-leave-child"},
	{"value": "wd-shadow-in-child"},
	{"value": "wd-shadow-out-child"},
	{"value": "wd-shadow-none"},
	{"value": "wd-shadow-none-child"},
	
	{"value": "wd-show"},
	{"value": "wd-hide"},
	{"value": "wd-overlook"},
	{"value": "wd-show-box"},
	{"value": "wd-hide-box"},
	{"value": "wd-show-print"},
	{"value": "wd-hide-print"},
	{"value": "wd-overlook-print"},

	{"value": "wd-size-xxsmall"},
	{"value": "wd-size-xsmall"},
	{"value": "wd-size-small"},
	{"value": "wd-size-smaller"},
	{"value": "wd-size-medium"},
	{"value": "wd-size-larger"},
	{"value": "wd-size-large"},
	{"value": "wd-size-xlarge"},
	{"value": "wd-size-xxlarge"},

	{"value": "wd-size-xxsmall-child"},
	{"value": "wd-size-xsmall-child"},
	{"value": "wd-size-small-child"},
	{"value": "wd-size-smaller-child"},
	{"value": "wd-size-medium-child"},
	{"value": "wd-size-larger-child"},
	{"value": "wd-size-large-child"},
	{"value": "wd-size-xlarge-child"},
	{"value": "wd-size-xxlarge-child"},

	{"value": "wd-b"},
	{"value": "wd-u"},
	{"value": "wd-i"},
	{"value": "wd-s"},
	{"value": "wd-mark"},
	{"value": "wd-b-child"},
	{"value": "wd-u-child"},
	{"value": "wd-i-child"},
	{"value": "wd-s-child"},
	{"value": "wd-mark-child"},
	{"value": "wd-b-none"},
	{"value": "wd-i-none"},
	{"value": "wd-line-none"},
	{"value": "wd-mark-none"},
	{"value": "wd-b-none-child"},
	{"value": "wd-i-none-child"},
	{"value": "wd-line-none-child"},
	{"value": "wd-mark-none-child"},

	{"value": "wd-upon"},
	{"value": "wd-upon-enter"},
	{"value": "wd-upon-in"},
	{"value": "wd-upon-toggle"},
	{"value": "wd-upon-child"},
	{"value": "wd-upon-enter-child"},
	{"value": "wd-upon-in-child"},
	{"value": "wd-upon-toggle-child"},

	{"value": "wd-plain"},
	{"value": "wd-plain-child"},
	{"value": "wd-b-none"},
	{"value": "wd-b-none-child"},
	{"value": "wd-i-none"},
	{"value": "wd-i-none-child"},
	{"value": "wd-line-none"},
	{"value": "wd-line-none-child"},
	{"value": "wd-mark-none"},
	{"value": "wd-mark-none-child"},
	{"value": "wd-bg-none"},
	{"value": "wd-fg-none"},
	{"value": "wd-case-normal"},
	{"value": "wd-case-normal-child"},
	{"value": "wd-padding-none"},
	{"value": "wd-padding-none-child"},
	{"value": "wd-border-box"},
	{"value": "wd-border-box-child"},
	{"value": "wd-border-none"},
	{"value": "wd-border-none-child"},
	{"value": "wd-radius-none"},
	{"value": "wd-radius-none-child"},
	{"value": "wd-shadow-none"},
	{"value": "wd-shadow-none-child"},
	{"value": "wd-cloud-none"},
	{"value": "wd-cloud-none-child"},
	{"value": "wd-opaque-none"},
	{"value": "wd-opaque-none-child"},
	{"value": "wd-margin-none"},
	{"value": "wd-margin-none-child"}
]
